id,hook,caption,hashtags,cta,productName,brand,skinType,concerns,contentAngle
promo-001-oliveyoung-overload-heartleaf-toner,Too many K-beauty choices? Start with Heartleaf 77 Soothing Toner.,"Choice overload is real. Start with one skin goal and one pick, like Anua Heartleaf 77 Soothing Toner. Patch test and keep the routine simple.",#KBeauty #OliveYoungFinds #SkincareRoutine #BeautyShorts,Save this before your next Olive Young scroll.,Heartleaf 77 Soothing Toner,Anua,combination,visible redness; uneven texture; routine overwhelm,oliveyoung_overload
promo-002-oily-skin-green-tea-serum,Oily by noon? Your routine may need a lighter layer.,"For oily skin days, keep layers light and easy. Innisfree Green Tea Seed Hyaluronic Serum is a simple pick to test in a balanced routine.",#OilySkinRoutine #KBeauty #SkincareTips #Shorts,Save this for your next lighter routine reset.,Green Tea Seed Hyaluronic Serum,Innisfree,oily,midday shine; dehydrated feel,oily_skin
promo-003-dry-skin-birch-cream,Dry skin feeling tight? Build moisture before glow.,"When dry skin feels tight, choose comfort over a crowded routine. Try a moisture-first pick like Round Lab Birch 70 Moisture Calming Cream.",#DrySkinRoutine #KBeauty #SkinBarrierCare #BeautyShorts,Save this for your dry-skin checklist.,Birch 70 Moisture Calming Cream,Round Lab,dry,tight feel; flaky-looking texture,dry_skin
promo-004-sensitive-skin-centella-ampoule,Sensitive-feeling skin? Fewer steps can be the flex.,"For sensitive-feeling skin, keep changes slow and simple. SKIN1004 Madagascar Centella Ampoule can be tested as one focused step.",#SensitiveSkinRoutine #KBeauty #MinimalSkincare #Reels,Save this if your routine needs a calmer edit.,Madagascar Centella Ampoule,SKIN1004,sensitive,easily reactive feel; visible redness,sensitive_skin
promo-005-acne-concern-snail-essence,Breakout-prone days? Do not turn the routine into chaos.,"For breakout-prone days, keep the routine steady and cosmetic-focused. COSRX Advanced Snail 96 Mucin Power Essence is one option to patch test slowly.",#BreakoutProneSkin #KBeautyRoutine #SkincareTips #Shorts,Save this before adding another random step.,Advanced Snail 96 Mucin Power Essence,COSRX,combination,post-blemish look; rough-looking texture,acne_concern
promo-006-sunscreen-choice-relief-sun,The best sunscreen is the one you will actually wear.,Daily SPF gets easier when the texture fits your life. Beauty of Joseon Relief Sun Rice + Probiotics SPF50+ is a K-beauty sunscreen option to test.,#SunscreenRoutine #KBeautySPF #SkincareTips #YouTubeShorts,Save this for your next sunscreen comparison.,Relief Sun Rice + Probiotics SPF50+,Beauty of Joseon,normal,daily UV exposure; white cast worry,sunscreen_choice
promo-007-routine-builder-dive-in-serum,New to K-beauty? Build the routine in three steps.,"Keep the starter routine simple: cleanse, one focused layer, moisturize, then SPF in the morning. Torriden Dive-In Low Molecular Hyaluronic Acid Serum can be the focused layer.",#KBeautyBeginner #RoutineBuilder #SkincareRoutine #Reels,Save this simple routine map.,Dive-In Low Molecular Hyaluronic Acid Serum,Torriden,dehydrated,tight feel; dull-looking skin,routine_builder
promo-008-avoid-mistake-red-blemish-cream,One common skincare mistake: changing everything at once.,"Routine mistake to avoid: swapping every step at once. Test one product at a time, like Dr. G Red Blemish Clear Soothing Cream, and keep notes.",#SkincareMistakes #KBeautyTips #RoutineReset #Shorts,Save this before your next routine overhaul.,Red Blemish Clear Soothing Cream,Dr. G,combination,visible redness; heavy routine feel,avoid_mistake
promo-009-sunscreen-choice-watery-sun-gel,The best sunscreen is the one you will actually wear.,Daily SPF gets easier when the texture fits your life. Isntree Hyaluronic Acid Watery Sun Gel SPF50+ is a K-beauty sunscreen option to test.,#SunscreenRoutine #KBeautySPF #SkincareTips #YouTubeShorts,Save this for your next sunscreen comparison.,Hyaluronic Acid Watery Sun Gel SPF50+,Isntree,combination,sticky sunscreen feel; daily UV exposure,sunscreen_choice
promo-010-oliveyoung-overload-glow-serum,Too many K-beauty choices? Start with Dark Spot Correcting Glow Serum.,"Choice overload is real. Start with one skin goal and one pick, like AXIS-Y Dark Spot Correcting Glow Serum. Patch test and keep the routine simple.",#KBeauty #OliveYoungFinds #SkincareRoutine #BeautyShorts,Save this before your next Olive Young scroll.,Dark Spot Correcting Glow Serum,AXIS-Y,dull-looking,uneven tone look; post-blemish marks,oliveyoung_overload
